{
  "accuracy": 0.861231673900434,
  "precision": 0.8612558719463237,
  "recall": 0.8612650927416401,
  "f1": 0.8612315059704052
}