{
  "token_over_ratio": 0.0,
  "val_ratio": 0.1000040001600064,
  "label_distribution_diff": 0.004600251244891218,
  "train_label_ratio": 0.4988499557675295,
  "val_label_ratio": 0.49885,
  "test_label_ratio": 0.5034502070124207,
  "token_mean_length": 19.44173333333333,
  "token_max_length": 120
}